title,link,company,location
Senior Financial Analyst,http://www.indeed.com/rc/clk?jk=c751839d65035747&fccid=7847eeddd5ec77ae,Stryker,"Greenwood Village, CO"
Pre-Construction Manager (Denver-based),http://www.indeed.com/company/Brinkman-Partners/jobs/Pre-Construction-Manager-b7d0a62824d7524a?fccid=6829bb82257036d5,"Brinkman Construction, Inc.","Denver, CO"
Research Finance Admin,http://www.indeed.com/rc/clk?jk=a2432287b08871fa&fccid=48ecd526e3aa3225,Kaiser Permanente,"Aurora, CO"
"Invoicing / Billing Specialist - Thornton, CO",http://www.indeed.com/rc/clk?jk=d18e829acd268c38&fccid=8af1ca3d9bc7fe1d,Sage Telecommunications,"Denver, CO"
Concrete Senior Estimator,http://www.indeed.com/rc/clk?jk=89560e95acbc963b&fccid=898f39fc1d34cd84,Haselden Construction,"Centennial, CO"
Leasing Consultant - Concordia,http://www.indeed.com/rc/clk?jk=61713fe6ee59c371&fccid=db68bb9eedddb407,MAXX Properties,"Lakewood, CO"
Key Carrier,http://www.indeed.com/company/Marshalls/jobs/Key-Carrier-5509ddf2e6ae8c2b?fccid=417f86aed2946c16,Marshalls,"Golden, CO"
Store Manager,"http://www.indeed.com/rc/clk?cmp=Micheals-Stores,-Inc.-%231-Arts-%26-Crafts-Store&ti=Store+Manager&jk=5e0784025cc7480f&fccid=9ee697f8d2deef40","Michaels Stores, Inc.","Denver, CO"
"Customer Support Specialist- Denver, CO","http://www.indeed.com/company/Paladin-Consulting,-Inc/jobs/Customer-Support-Specialist-a9dabd802394c106?fccid=90a53580a0131986","Paladin Consulting, Inc","Denver, CO 80202 (Lodo area)"
"Commercial HVAC Sales Representative Centennial, CO",http://www.indeed.com/rc/clk?jk=ff2bb158588f5f50&fccid=f0d3712b1cc96285,American Mechanical Service,"Englewood, CO"
